Category,Subfield
Architecture & Design,Architecture
Architecture & Design,Urban Planning / Urban Design
Architecture & Design,Landscape Architecture
Architecture & Design,Interior Design
Architecture & Design,Industrial / Product Design
Architecture & Design,Graphic / Visual Communication Design
Architecture & Design,UX / Interaction Design
Architecture & Design,Exhibition / Environmental Design
Architecture & Design,Sustainable Design
Architecture & Design,Computational Design
Engineering & Technical Sciences,Civil / Structural Engineering
Engineering & Technical Sciences,Mechanical Engineering
Engineering & Technical Sciences,Electrical / Electronics Engineering
Engineering & Technical Sciences,Chemical Engineering
Engineering & Technical Sciences,Environmental Engineering
Engineering & Technical Sciences,Materials Science & Engineering
Engineering & Technical Sciences,Computer / Software Engineering
Engineering & Technical Sciences,Industrial / Manufacturing Engineering
Engineering & Technical Sciences,Aerospace / Aeronautical Engineering
Engineering & Technical Sciences,Marine / Naval Architecture
Natural Sciences,Physics
Natural Sciences,Chemistry
Natural Sciences,Biology
Natural Sciences,Geology / Earth Sciences
Natural Sciences,Environmental Science
Natural Sciences,Oceanography
Natural Sciences,Meteorology
Natural Sciences,Mathematics / Statistics
Natural Sciences,Astronomy
Social Sciences,Economics
Social Sciences,Sociology
Social Sciences,Psychology
Social Sciences,Political Science
Social Sciences,Anthropology
Social Sciences,Geography
Social Sciences,Education
Social Sciences,Public Policy / Public Administration
Social Sciences,Criminology
Social Sciences,Demography
"Business, Management & Finance",Business Administration
"Business, Management & Finance",Accounting / Auditing
"Business, Management & Finance",Finance / Banking
"Business, Management & Finance",Marketing
"Business, Management & Finance",Human Resources Management
"Business, Management & Finance",Supply Chain / Logistics
"Business, Management & Finance",International Business
"Business, Management & Finance",Entrepreneurship
"Business, Management & Finance",Real Estate Management
"Business, Management & Finance",E-Commerce
Health & Medicine,Clinical Medicine
Health & Medicine,Dentistry
Health & Medicine,Nursing
Health & Medicine,Pharmacy
Health & Medicine,Public Health
Health & Medicine,Biomedical Sciences
Health & Medicine,Medical Imaging
Health & Medicine,Nutrition Science
Health & Medicine,Physical Therapy / Rehabilitation
Health & Medicine,Veterinary Medicine
Arts & Humanities,Philosophy
Arts & Humanities,History
Arts & Humanities,Literature / Linguistics
Arts & Humanities,Art History
Arts & Humanities,Fine Arts
Arts & Humanities,"Performing Arts (Music, Theatre, Dance)"
Arts & Humanities,Film / Photography / Media Studies
Arts & Humanities,Cultural Studies
Arts & Humanities,Design Theory
Arts & Humanities,Religion / Theology
Information & Communication Technology,Computer Science
Information & Communication Technology,Information Systems
Information & Communication Technology,Data Science / Big Data
Information & Communication Technology,Artificial Intelligence / Machine Learning
Information & Communication Technology,Cybersecurity
Information & Communication Technology,Network / Cloud Engineering
Information & Communication Technology,Game Development
Information & Communication Technology,Software Development
Information & Communication Technology,Human-Computer Interaction
Information & Communication Technology,Digital Media / Multimedia
"Agriculture, Forestry, Fisheries & Food",Agronomy / Crop Science
"Agriculture, Forestry, Fisheries & Food",Horticulture
"Agriculture, Forestry, Fisheries & Food",Forestry
"Agriculture, Forestry, Fisheries & Food",Animal Science
"Agriculture, Forestry, Fisheries & Food",Fisheries / Aquaculture
"Agriculture, Forestry, Fisheries & Food",Food Science / Food Technology
"Agriculture, Forestry, Fisheries & Food",Agricultural Economics
"Agriculture, Forestry, Fisheries & Food",Soil Science
Law & Public Service,Law / Legal Studies
Law & Public Service,International Law
Law & Public Service,Public Administration
Law & Public Service,Political Science
Law & Public Service,Diplomacy / International Relations
Law & Public Service,Public Policy
Law & Public Service,Social Work
Law & Public Service,Criminology / Criminal Justice
Law & Public Service,Ethics / Governance
"Transportation, Construction & Infrastructure",Construction Management
"Transportation, Construction & Infrastructure",Transportation Planning
"Transportation, Construction & Infrastructure",Highway / Bridge Engineering
"Transportation, Construction & Infrastructure",Railway / Metro Engineering
"Transportation, Construction & Infrastructure",Logistics / Freight Management
"Transportation, Construction & Infrastructure",Urban Transit Systems
"Transportation, Construction & Infrastructure",Aviation / Aerospace Transportation
"Transportation, Construction & Infrastructure",Maritime Transportation
Environmental & Sustainability Studies,Environmental Policy
Environmental & Sustainability Studies,Ecology / Conservation Ecology
Environmental & Sustainability Studies,Climate Science
Environmental & Sustainability Studies,Renewable Energy
Environmental & Sustainability Studies,Sustainable Development
Environmental & Sustainability Studies,Environmental Design
Environmental & Sustainability Studies,Waste Management
Environmental & Sustainability Studies,Environmental Economics
"Tourism, Hospitality & Service Management",Hospitality Management
"Tourism, Hospitality & Service Management",Tourism Management
"Tourism, Hospitality & Service Management",Event Management
"Tourism, Hospitality & Service Management",Culinary Arts / Food Service
"Tourism, Hospitality & Service Management",Recreation / Leisure Studies
"Tourism, Hospitality & Service Management",Customer Service
"Media, Communication & Journalism",Journalism
"Media, Communication & Journalism",Mass Communication
"Media, Communication & Journalism",Advertising
"Media, Communication & Journalism",Public Relations
"Media, Communication & Journalism",Broadcasting / Television / Film
"Media, Communication & Journalism",Digital Media / Social Media
"Media, Communication & Journalism",Publishing / Editing
"Media, Communication & Journalism",Visual Communication
"Military, Security & Emergency Services",Military Science
"Military, Security & Emergency Services",Security Management
"Military, Security & Emergency Services",Police / Law Enforcement
"Military, Security & Emergency Services",Emergency Management
"Military, Security & Emergency Services",Fire Protection Engineering
"Military, Security & Emergency Services",Disaster Response
Emerging & Interdisciplinary Fields,Artificial Intelligence Ethics
Emerging & Interdisciplinary Fields,Data & Society
Emerging & Interdisciplinary Fields,Smart Cities
Emerging & Interdisciplinary Fields,Climate Technology
Emerging & Interdisciplinary Fields,Computational Social Science
Emerging & Interdisciplinary Fields,Human-Centered Design
Emerging & Interdisciplinary Fields,Digital Humanities
Emerging & Interdisciplinary Fields,Bioinformatics
Emerging & Interdisciplinary Fields,Cognitive Science
Emerging & Interdisciplinary Fields,XR / AR / VR Design
